# Users
INSERT INTO user (id, first_name, last_name, username, password) VALUES
    (1, 'Alice',   'Anderson', 'alice',   '$2y$10$V07jtzDcHw/LOqUyTM6gp.VgZ2Di6N38Arah/2aOZPTkUJFik9FQy'),
    (2, 'Bob',     'Brown',    'bob',     '$2y$10$raqJLycfygrDJYCsGBmgOu.NaBrz6RVfLyZVy9/drfgLC5zEjZR36'),
    (3, 'Charles', 'Clark',    'charlie', '$2y$10$QBAn8OaAqTa6H2e5teFuE.ukkR0XcZtpBcMvmMWYSPz8rP1uaTCtG'),
    (4, 'David',   'Davis',    'dave',    '$2y$10$z4tH5cp.PuqExVjEgW/72.HQW1fAMsaRqlo618k4DIgCpjhgtYrdi'),
    (5, 'Evelyn',  'Evans',    'eve',     '$2y$10$49bpYWA3Fhknb3Ib2bonYegG5TteYKyoXYEtWbQRAVyAhwNmCKR6e');

# Nutrients
INSERT INTO nutrient (name, rdv_amount, rdv_unit) VALUES
# Macros: https://www.fda.gov/media/99059/download
    ('Fat',                  78, 'g'),
    ('Saturated fat',        20, 'g'),
    ('Cholesterol',         300, 'mg'),
    ('Total carbohydrates', 275, 'g'),
    ('Sodium',             2300, 'mg'),
    ('Dietary Fiber',        28, 'g'),
    ('Protien',              50, 'g'),
    ('Added sugars',         50, 'g'),
# Micros: https://www.fda.gov/media/99069/download
    ('Vitamin A',           900, 'mcg'),
    ('Vitamin C',            90, 'mg'),
    ('Calcium',            1300, 'mg'),
    ('Vitamin D',            20, 'mcg'),
    ('Vitamin E',            15, 'mg'),
    ('Vitamin K',           120, 'mcg'),
    ('Thiamin',             1.2, 'mg'),
    ('Riboflavin',          1.3, 'mg'),
    ('Niacin',               16, 'mg'),
    ('Vitamin B6',          1.7, 'mg'),
    ('Folate',              400, 'mcg'),
    ('Vitamin B12',         2.4, 'mcg'),
    ('Biotin',               30, 'mcg'),
    ('Pantothenic acid',      5, 'mg'),
    ('Phosphorus',         1250, 'mg'),
    ('Iodine',              150, 'mcg'),
    ('Magnesium',           420, 'mg'),
    ('Zinc',                 11, 'mg'),
    ('Selenium',             55, 'mcg'),
    ('Copper',              0.9, 'mg'),
    ('Manganese',           2.3, 'mg'),
    ('Chromium',             35, 'mcg'),
    ('Molybdenum',           45, 'mcg'),
    ('Chloride',           2300, 'mg'),
    ('Potassium',          4700, 'mg'),
    ('Choline',             550, 'mg'),
# Others
    ('Iron',                 10, 'mg'),
    ('Trans Fat',             2, 'g'),
    ('Betaine',             500, 'mg');

# Foods
INSERT INTO food(id,type,name,calories_per_serving,serving_size_friendly,serving_size_grams,serving_size_cc) VALUES
    (1,'solid','large egg',83,'one egg',53,53),
    (2,'solid','swiss cheese',72,'one slice of cheese',28,22),
    (3,'solid','one slice tomato',4,'one slice of tomato',19,19),
    (4,'solid','full tomato',30,'full tomato',85,79),
    (5,'solid','bread',75,'one slice of bread',28,147),
    (6,'liquid','Chik-Fil-A Chocolate Milkshake (small)',610,'14 oz',404,414.029),
    (7,'liquid','Chik-Fil-A Chocolate Milkshake (large)',770,'20 oz',515,591.471),
    (8,'solid','Wendy''s Small Vanilla Frosty',340,'12 oz',340.195,354.882),
    (9,'solid','Lette Caramel Macaron',90,'one macaron piece',21,21),
    (10,'solid','Chocolate Pocky Sticks',150,'13 sticks',30,30);

# Workout Logs
INSERT INTO workout_log(date,user_id,workout_type_id,duration_secs) VALUES
    ('1602342600',1,1,3600),
    ('1570728600',2,3,1800),
    ('1599780600',3,2,5400),
    ('1602459000',4,16,5400),
    ('1597182300',5,5,1800),
    ('1602952200',1,278,3600),
    ('1605648600',3,134,5400),
    ('1604098800',4,17,1800),
    ('1602766800',1,35,4500),
    ('1600218000',2,29,3600),
    ('1600178400',3,91,10800),
    ('1599782400',4,68,3600),
    ('1599696000',2,69,3600),
    ('1602288000',5,64,4500),
    ('1602460800',5,65,4500); 

# Weight Logs
INSERT INTO weight_log(date,user_id,weight_kg) VALUES
    (1604240000,1,76),
    (1604334000,2,84),
    (1604260000,3,88),
    (1604270000,4,90),
    (1604280000,5,69),
    (1604823657,1,70),
    (1604564157,2,86),
    (1605199857,3,80),
    (1605004257,4,87),
    (1605231057,5,65),
    (1605428157,1,68),
    (1604996157,2,90),
    (1605675057,3,74),
    (1605522657,4,85),
    (1605922257,5,64);

# Food Logs
INSERT INTO food_log(date,user_id,food_id,servings) VALUES 
    (1605122933,1,1,2),
    (1605122933,1,4,1),
    (1605122933,1,6,1),
    (1605136817,1,10,1),
    (1605136817,1,5,1),
    (1605136817,1,2,1),
    (1605136835,1,8,1),
    (1605136835,1,2,1),
    (1605136835,1,3,1),
    (1605016835,2,2,1),
    (1605016835,2,3,1),
    (1605016835,2,1,2),
    (1605031235,2,8,1),
    (1605031235,2,2,3),
    (1605031235,2,4,3),
    (1605049235,2,7,1),
    (1605049235,2,6,1),
    (1605049235,2,5,1),
    (1604934035,3,1,1),
    (1604934035,3,2,2),
    (1604934035,3,3,2),
    (1604944835,3,5,1),
    (1604944835,3,6,1),
    (1604944835,3,8,1),
    (1604973635,3,9,1),
    (1604973635,3,10,1),
    (1604973635,3,2,1),
    (1604934035,4,2,1),
    (1604934035,4,1,1),
    (1604934035,4,6,2),
    (1604944835,4,2,1),
    (1604944835,4,5,2),
    (1604944835,4,3,1),
    (1604973635,4,10,5),
    (1604973635,4,9,1),
    (1604973635,4,5,1),
    (1605186035,5,1,2),
    (1605186035,5,2,1),
    (1605186035,5,3,1),
    (1605201335,5,5,2),
    (1605201335,5,4,1),
    (1605201335,5,6,1),
    (1605230795,5,9,1),
    (1605230795,5,1,3),
    (1605230795,5,2,1);